label,text
vi,"Trong cuộc thảo luận của chúng tôi với các thành viên , những nhà lãnh đạo này được cung cấp một tín dụng đáng kể cho chất lượng và giá trị của thông tin mà các thành viên nhận được và thành công của các tổ chức chia sẻ thông"
vi,Được rồi cùng ở đây có một ngày cuối tuần vui vẻ bye-Bye
th,มัน สามารถ แสดง ได้ ใน สี่ คำ ที่ ฉัน คิด ว่า ฉัน ไม่เคย ฟัง   ira   magaziner
th,อืม แสตมป์ ฉัน หมายถึง มัน ดูเหมือน จะ เป็น ทุกอย่าง ที่ เป็น สิ่ง เดียว ที่ เรา ทำ
ar,"والاسوا من ذلك , ان علم السحر يعاني ."
ar,"قرر ان يقدم الى السوق البولندية منتج جديد ثوري - القرص ينشط السعادة , تحت اسم العلامة التجارية سعيدة ."
de,Wird vom Drucker erkannt und Druckquallität ist dem des originalem Toners ebenbürtig.
de,Der schnitt passt. Die Qualität ist unter aller s... Ich habe es gewaschen und auch wie andere Käufer gibt es Querstreifen! Zusätzlich stinkt es sehr stark nach Chemie. Es ist auch definitiv kein Polo Shirt wie man es kennt von anderen bekannten Marken. Es ist lediglich ein normales T Shirt mit dünnen kragen!
hi,"और उम आप जानते हैं कि हम आनंद ले रहे हैं , उम हम अपने पति के साथ फ ् रीज टैग खेलने का आनंद ले रहे हैं और मुझे लगता है कि अमेरिकी माता-पिता के रूप में हम शायद अधिक समय खर ् च करते हैं , मैं बच ् चों और भाग के साथ उह लगता है इसका यही कारण है कि वे इस बात की मांग कर रहे हैं कि वे हमारा समय चाहते हैं"
hi,और वह इस दिन को नहीं जानता .
fr,"La qualité est là. Prémonté pour un iPhone 6. Très facile de changer, environ 6 min en tout si on l'a déjà fait une fois. Ce n'est évidement pas un Retina, mais même s'il est un peu plus ""fade"", côté technique ça fonctionne bien. Je recommande pour le prix."
fr,"Achetée avec 2 autres coques, première essayée et n'a plus jamais quittée le téléphone, j'adore son touché et protège très bien le téléphone"
el,"Φυσικά , εκείνη τη στιγμή δεν ήξερα καν αν ήμουν στο Λονδίνο ."
el,"Αν αυτό είναι πολύ μεγάλο , υπάρχουν μικρότερες ξεναγήσεις ."
zh,材质一般低廉。按上去松松垮垮。4L的产品价格却是不便宜。热水出水慢，要有耐性。和普通电热水瓶各有优缺点。不清楚这种即热式的加热原理以及瞬间高温产生的热水长期流经内部管道是否对人体健康有无不利影响?
zh,衣服合身，也很修身，很好搭裤子，还挺不赖的
it,Due morti nel nuovo sciopero israeliano a Gaza: i medici
it,La Corea del Nord lancia tre missili a corto raggio
ur,آپ کے درج کردہ فون نمبر کی میعاد ختم ہو گئی ہے ۔
ur,"اس ہدایت کی بنیاد پر ، تیزی سے کام کرنے والے حادثات کی تعداد 25,000 ڈالر ہے اور مندرجہ ذیل میں سے ہر ایک کو 2 $ 1 تک کی ضرورت ہوتی ہے ، جس کی وجہ سے ان کی رضا مندی کے حوالے سے کرناہے ۔ فراہم کردہ جو کہ آگے بڑھنے کے لیے تیار کیا گیا ہے ، براہ کرم اس کی تصحیح کریں یا کسی اور چیز کے لیے رقم جمع کرنے کی کوشش کریں ۔ ایجنسی"
es,Llegó en tiempo y cumple con lo esperado
es,"Pensaba que sería más robusto. Pero como es para estar en una terraza, cumple con su función"
ja,招待ID :30l4r02 気楽に無課金で楽しんでいます。
ja,よく手を滑らせて落としてしまうので購入しました。 この価格でスマホを守れるのなら言うことなし！
tr,"Bir toksik test laboratuvarı kalite güvencesi ( soru ) programının geliştirilmesi ve bakımı , laboratuvar yönetimi tarafından devam eden bir taahhüt gerektirir ve bir soru programı geliştirmek ve sürdürmek için sorumluluk ve yetkiye sahip bir laboratuvar kalite güvence subayı ' nın ( 1 ) randevusunu içerir ;"
tr,"Bakaly bazı kar sorularına hayır diyor , bunların hepsi aslında kongreye bir rapor ne zaman teslim etmeye karar verdin ?"
pl,Ktoś gra na pianinie.
pl,Dziecko się śmieje.
nl,"De CWA, die meer dan 2.300 Comcast-werknemers vertegenwoordigt, noemde dat overdreven wanneer een typische vakbondsmedewerker ongeveer 27.000 dollar per jaar verdient."
nl,Er is geen oorlog in het Midden-Oosten.
bg,"на бивол дърпа снегорините и количките , след което се въргаля в калта на село ."
bg,"когато преминеш през портите , влизаш в земя от анимационни герои и технологични магии , създадени от едно от най-възхитително въображение , което някога е живяло ."
en,Not strong enough to say attached. Sending back.
en,"not a reliable power source, it damaged my phone's battery and almost set ablaze my room"
sw,"Kutembea mpaka howth lighthouse , ni vigumu kuamini kuwa dublin ni maili chache tu mpaka uone dublin bay sambaza mbele yako ."
sw,"Hammerschmidt-hummel , kufanya kazi na timu ya wanasayansi kutumia mbinu mahiri za upigaji picha , pata mfanano kati ya barakoa na enforce maarufu ya shakespeare , ambayo anaamini alikuwa kutoka kwake ."
pt,Um homem com um colete laranja está a fazer canoagem na água azul.
pt,"Infelizmente, a Ford aceitou o dinheiro dos contribuintes."
ru,"Лидерство заключается в том , чтобы быть умным , трудно и рисовать лучшую работу от команды ."
ru,"Ты невыносим , он пробормотал ."
